index,design,pv_kwp,battery_kwh,n_chargers,expected_cost,worst_cost,robustly_feasible
0,PV=5kWp | BESS=0kWh | 4 chargers,5,0,4,8474.8988816671,52618.90829320485,False
30,PV=10kWp | BESS=0kWh | 4 chargers,10,0,4,8627.027243269147,50723.68197045647,False
60,PV=15kWp | BESS=0kWh | 4 chargers,15,0,4,8886.901593699777,49177.62141742561,False
90,PV=20kWp | BESS=0kWh | 4 chargers,20,0,4,9203.16137818503,47751.85683341248,False
50,PV=10kWp | BESS=40kWh | 4 chargers,10,40,4,9528.63226773179,31613.17557334323,False
80,PV=15kWp | BESS=40kWh | 4 chargers,15,40,4,9655.084240032065,27536.932974045743,False
110,PV=20kWp | BESS=40kWh | 4 chargers,20,40,4,9928.039843796343,24810.628027327282,False
85,PV=15kWp | BESS=50kWh | 4 chargers,15,50,4,9948.727886604785,24134.12158183985,False
115,PV=20kWp | BESS=50kWh | 4 chargers,20,50,4,10267.808418886169,22013.707962720255,True
145,PV=25kWp | BESS=50kWh | 4 chargers,25,50,4,10689.034762378948,21044.926929702517,True
