variable,name,low_input,high_input,unit,low_output,high_output,baseline_output,swing
Demand intensity (trips/bike/day),demand_intensity,0.8,4.0,trips/day,3967.0808684894396,10198.274217878672,6227.391814108765,6231.193349389232
Trip energy use,trip_energy,14.0,35.0,Wh/km,4842.458187189748,8548.263459522666,6227.391814108765,3705.8052723329183
Daily fleet utilisation,fleet_utilisation,0.4,0.9,frac,4763.721613936036,7729.155715221219,6227.391814108765,2965.434101285183
Demand growth (YoY),demand_growth,0.0,0.15,/yr,5009.165470875351,7667.065554033161,6227.391814108765,2657.9000831578096
Equipment cost multiplier,equipment_cost,0.8,1.3,x,5561.081610472539,7226.857119563103,6227.391814108765,1665.775509090564
Electricity tariff,electricity_price,0.22,0.3,GBP/kWh,5754.49191424218,6700.29171397535,6227.391814108765,945.7997997331695
PV performance ratio,pv_output,0.75,0.95,frac,6342.262995034777,6116.5689538554,6227.391814108765,225.69404117937756
Charger availability,charger_avail,0.9,0.99,frac,6227.391814108765,6227.391814108765,6227.391814108765,0.0
Battery round-trip eff.,battery_eff,0.88,0.94,frac,6227.391814108765,6227.391814108765,6227.391814108765,0.0
